id	分類	リスト	読み	許容表記	指示
R01	練習	練習	おはようございます。	おはようございます。	-
R02	練習	練習	そらがあおい。	空が青い。	-
R03	練習	練習	10じにおきた。	10時に起きた。|１０時に起きた。	-
R04	練習	練習	ねこがねている。	猫が寝ている。	-
R05	練習	練習	teaをのむ。	teaを飲む。	-
R06	練習	練習	またあした	また明日|またあした	句点を入れず、改行キーで終える
N01	通常文	A	きょうはあめがふっています。	今日は雨が降っています。	-
N02	通常文	B	えきまであるいていきます。	駅まで歩いて行きます。|駅まで歩いていきます。	-
N03	通常文	C	あしたのかいぎはごごからです。	明日の会議は午後からです。|あしたの会議は午後からです。	-
N04	通常文	A	へやのでんきをけしてください。	部屋の電気を消してください。|部屋の電気を消して下さい。	-
N05	通常文	B	このほんはとてもおもしろかった。	この本はとても面白かった。|この本はとてもおもしろかった。	-
N06	通常文	C	しゅうまつはかぞくとすごしました。	週末は家族と過ごしました。	-
H01	同音異義語	A	こうえんでこうえんをきいた。	公園で講演を聞いた。|公園で講演を聴いた。	-
H02	同音異義語	B	かいぎでいけんをのべる。	会議で意見を述べる。	-
H03	同音異義語	C	あついおちゃをのんだ。	熱いお茶を飲んだ。	-
H04	同音異義語	A	しんぶんきしゃにしゅざいされた。	新聞記者に取材された。	-
H05	同音異義語	B	ことしのなつはあつい。	今年の夏は暑い。	-
H06	同音異義語	C	きしゃのきしゃがきしゃできしゃした。	貴社の記者が汽車で帰社した。	-
P01	名前	A	たかなしさんにれんらくします。	高梨さんに連絡します。	表示した表記の名前だけを正解とする
P02	名前	B	わたなべさんとさいとうさんがきた。	渡辺さんと斉藤さんが来た。	表示した表記の名前だけを正解とする
P03	名前	C	みなみかぜちょうへひっこした。	南風町へ引っ越した。	架空の地名。表示した表記だけを正解とする
P04	名前	A	さくらいゆうとさんからのてがみ。	桜井悠斗さんからの手紙。	表示した表記の名前だけを正解とする
P05	名前	B	すずきはなこさんがはっぴょうした。	鈴木花子さんが発表した。	表示した表記の名前だけを正解とする
P06	名前	C	まつもとせんせいにそうだんする。	松本先生に相談する。	-
D01	数値	A	3じ15ふんにあいましょう。	3時15分に会いましょう。|３時１５分に会いましょう。	-
D02	数値	B	ねだんは1280えんです。	値段は1280円です。|値段は1,280円です。|値段は１２８０円です。	-
D03	数値	C	2026ねん10がつ1にちにはじまる。	2026年10月1日に始まる。|２０２６年１０月１日に始まる。	-
D04	数値	A	きおんは25.5どでした。	気温は25.5度でした。|気温は25.5℃でした。	-
D05	数値	B	だい3しょうの2せつをよむ。	第3章の2節を読む。|第３章の２節を読む。	-
D06	数値	C	やく50ぱーせんとがさんせいした。	約50パーセントが賛成した。|約50%が賛成した。|約50％が賛成した。	-
U01	URL	A	https://example.com/	https://example.com/	英字配列で入力する
U02	URL	B	しょうさいはexample.org/helpをみてください。	詳細はexample.org/helpを見てください。|詳細はexample.org/helpをみてください。	URL部分は英字配列で入力する
U03	URL	C	https://www.example.net/news?id=42	https://www.example.net/news?id=42	英字配列で入力する
U04	URL	A	めーるはinfo@example.comまで。	メールはinfo@example.comまで。	アドレス部分は英字配列で入力する
U05	URL	B	example.com/a-b_c.html	example.com/a-b_c.html	英字配列で入力する
U06	URL	C	りんくはhttps://example.net/です。	リンクはhttps://example.net/です。	URL部分は英字配列で入力する
L01	長文	A	きのうはあさからあめがふっていたので、でかけるのをやめていえでほんをよみながらゆっくりすごしました。	昨日は朝から雨が降っていたので、出かけるのをやめて家で本を読みながらゆっくり過ごしました。	-
L02	長文	B	らいしゅうのかようびまでにほうこくしょをまとめて、ちーむのみんなにかくにんしてもらうよていです。	来週の火曜日までに報告書をまとめて、チームのみんなに確認してもらう予定です。|来週の火曜日までに報告書をまとめて、チームの皆に確認してもらう予定です。	-
L03	長文	C	えきまえにあたらしいぱんやができたので、こんどのやすみにともだちといっしょにいってみようとおもう。	駅前に新しいパン屋ができたので、今度の休みに友達と一緒に行ってみようと思う。|駅前に新しいパン屋が出来たので、今度の休みに友達と一緒に行ってみようと思う。	-
L04	長文	A	このあぷりはせっていをかえなくてもすぐにつかえるので、はじめてのひとにもすすめやすいとかんじました。	このアプリは設定を変えなくてもすぐに使えるので、初めての人にも勧めやすいと感じました。|このアプリは設定を変えなくてもすぐに使えるので、初めての人にも薦めやすいと感じました。|このアプリは設定を変えなくてもすぐに使えるので、初めての人にもすすめやすいと感じました。	-
L05	長文	B	やまのうえからみたけしきはとてもきれいで、しゃしんをなんまいとってもあきることがなかった。	山の上から見た景色はとても綺麗で、写真を何枚撮っても飽きることがなかった。|山の上から見た景色はとてもきれいで、写真を何枚撮っても飽きることがなかった。	-
L06	長文	C	しゅくだいがおわったらゆうはんのじゅんびをてつだって、そのあとでえいがをいっぽんみるつもりです。	宿題が終わったら夕飯の準備を手伝って、その後で映画を一本見るつもりです。|宿題が終わったら夕飯の準備を手伝って、そのあとで映画を一本見るつもりです。|宿題が終わったら夕飯の準備を手伝って、その後で映画を一本観るつもりです。|宿題が終わったら夕飯の準備を手伝って、そのあとで映画を一本観るつもりです。	-
C01	過去訂正	A	かのじょはこうえんにいった。	彼女は講演に行った。	読みを句点まで入力してから「講演」を直す
C02	過去訂正	B	らいげつからいどうします。	来月から異動します。	読みを句点まで入力してから「異動」を直す
C03	過去訂正	C	かれのかいとうをよんだ。	彼の解答を読んだ。	読みを句点まで入力してから「解答」を直す
C04	過去訂正	A	あんぜんをほしょうする。	安全を保障する。	読みを句点まで入力してから「保障」を直す
C05	過去訂正	B	こうせいをかくにんする。	校正を確認する。	読みを句点まで入力してから「校正」を直す
C06	過去訂正	C	しめいをかくにんした。	指名を確認した。	読みを句点まで入力してから「指名」を直す
Q01	句点なし	A	あしたいく	明日行く|あした行く	句点を入れず、改行キーで終える
Q02	句点なし	B	りょうかいです	了解です	句点を入れず、改行キーで終える
Q03	句点なし	C	いまえきについた	今駅に着いた	句点を入れず、改行キーで終える
Q04	句点なし	A	おつかれさまでした	お疲れ様でした|お疲れさまでした	句点を入れず、改行キーで終える
Q05	句点なし	B	あとででんわするね	後で電話するね|あとで電話するね	句点を入れず、改行キーで終える
Q06	句点なし	C	ありがとうたすかった	ありがとう助かった	句点を入れず、改行キーで終える
E01	英語混在	A	きょうのmeetingはonlineです。	今日のmeetingはonlineです。	英単語は英字配列で入力する
E02	英語混在	B	このfileをsaveしてください。	このfileをsaveしてください。|このfileをsaveして下さい。	英単語は英字配列で入力する
E03	英語混在	C	OSのせっていをひらく。	OSの設定を開く。	英字は英字配列で入力する
E04	英語混在	A	reviewがおわったらmergeします。	reviewが終わったらmergeします。	英単語は英字配列で入力する
E05	英語混在	B	Helloとあいさつした。	Helloと挨拶した。|Helloとあいさつした。	英単語は英字配列で入力する
E06	英語混在	C	USBけーぶるをつなぐ。	USBケーブルをつなぐ。|USBケーブルを繋ぐ。	英字は英字配列で入力する
